<metadata xml:lang="en"><Esri><CreaDate>20190118</CreaDate><CreaTime>13533400</CreaTime><ArcGISFormat>1.0</ArcGISFormat><ArcGISstyle>FGDC CSDGM Metadata</ArcGISstyle><SyncOnce>FALSE</SyncOnce><DataProperties><itemProps><itemName Sync="TRUE">SCHOOLDISTRICTS_CCUV_POLY</itemName><imsContentType Sync="TRUE">002</imsContentType><nativeExtBox><westBL Sync="TRUE">42577.152527</westBL><eastBL Sync="TRUE">330836.972517</eastBL><southBL Sync="TRUE">777606.374695</southBL><northBL Sync="TRUE">959743.044717</northBL><exTypeCode Sync="TRUE">1</exTypeCode></nativeExtBox><itemLocation><linkage Sync="TRUE">file://\\ITD-FP-008\Shared\MassGIS\statewide_viewer_SHP\gisdata\men1\Political_Boundaries\SCHOOLDISTRICTS_CCUV_POLY.shp</linkage><protocol Sync="TRUE">Local Area Network</protocol></itemLocation><itemSize Sync="TRUE">0.000</itemSize></itemProps><coordRef><type Sync="TRUE">Projected</type><geogcsn Sync="TRUE">GCS_North_American_1983</geogcsn><csUnits Sync="TRUE">Linear Unit: Meter (1.000000)</csUnits><projcsn Sync="TRUE">NAD_1983_StatePlane_Massachusetts_Mainland_FIPS_2001</projcsn><peXml Sync="TRUE">&lt;ProjectedCoordinateSystem xsi:type='typens:ProjectedCoordinateSystem' xmlns:xsi='http://www.w3.org/2001/XMLSchema-instance' xmlns:xs='http://www.w3.org/2001/XMLSchema' xmlns:typens='http://www.esri.com/schemas/ArcGIS/10.6'&gt;&lt;WKT&gt;PROJCS[&amp;quot;NAD_1983_StatePlane_Massachusetts_Mainland_FIPS_2001&amp;quot;,GEOGCS[&amp;quot;GCS_North_American_1983&amp;quot;,DATUM[&amp;quot;D_North_American_1983&amp;quot;,SPHEROID[&amp;quot;GRS_1980&amp;quot;,6378137.0,298.257222101]],PRIMEM[&amp;quot;Greenwich&amp;quot;,0.0],UNIT[&amp;quot;Degree&amp;quot;,0.0174532925199433]],PROJECTION[&amp;quot;Lambert_Conformal_Conic&amp;quot;],PARAMETER[&amp;quot;False_Easting&amp;quot;,200000.0],PARAMETER[&amp;quot;False_Northing&amp;quot;,750000.0],PARAMETER[&amp;quot;Central_Meridian&amp;quot;,-71.5],PARAMETER[&amp;quot;Standard_Parallel_1&amp;quot;,41.71666666666667],PARAMETER[&amp;quot;Standard_Parallel_2&amp;quot;,42.68333333333333],PARAMETER[&amp;quot;Latitude_Of_Origin&amp;quot;,41.0],UNIT[&amp;quot;Meter&amp;quot;,1.0],AUTHORITY[&amp;quot;EPSG&amp;quot;,26986]]&lt;/WKT&gt;&lt;XOrigin&gt;-36530900&lt;/XOrigin&gt;&lt;YOrigin&gt;-28803200&lt;/YOrigin&gt;&lt;XYScale&gt;122610652.81195112&lt;/XYScale&gt;&lt;ZOrigin&gt;-100000&lt;/ZOrigin&gt;&lt;ZScale&gt;10000&lt;/ZScale&gt;&lt;MOrigin&gt;-100000&lt;/MOrigin&gt;&lt;MScale&gt;10000&lt;/MScale&gt;&lt;XYTolerance&gt;0.001&lt;/XYTolerance&gt;&lt;ZTolerance&gt;0.001&lt;/ZTolerance&gt;&lt;MTolerance&gt;0.001&lt;/MTolerance&gt;&lt;HighPrecision&gt;true&lt;/HighPrecision&gt;&lt;WKID&gt;26986&lt;/WKID&gt;&lt;LatestWKID&gt;26986&lt;/LatestWKID&gt;&lt;/ProjectedCoordinateSystem&gt;</peXml></coordRef><lineage><Process ToolSource="c:\program files (x86)\arcgis\desktop10.6\ArcToolbox\Toolboxes\Data Management Tools.tbx\TruncateTable" Date="20190222" Time="111103">TruncateTable "Database Connections\gisdata_vtp.sde\GISDATA.SCHOOLDISTRICTS_CCUV_POLY"</Process><Process ToolSource="c:\program files (x86)\arcgis\desktop10.6\ArcToolbox\Toolboxes\Data Management Tools.tbx\Append" Date="20190222" Time="111301">Append V:\temp\swatermulder\SCHOOLDISTRICTS_CCUV_merged.shp "Database Connections\gisdata_vtp.sde\GISDATA.SCHOOLDISTRICTS_CCUV_POLY" NO_TEST "TYPE "TYPE" true true false 50 Text 0 0 ,First,#,V:\temp\swatermulder\SCHOOLDISTRICTS_CCUV_merged.shp,Type,-1,-1;ORG4CODE "ORG4CODE" true true false 2 Short 0 5 ,First,#,V:\temp\swatermulder\SCHOOLDISTRICTS_CCUV_merged.shp,Org4Code,-1,-1;NAME "NAME" true true false 50 Text 0 0 ,First,#,V:\temp\swatermulder\SCHOOLDISTRICTS_CCUV_merged.shp,Name,-1,-1;MEMBERS "MEMBERS" true true false 255 Text 0 0 ,First,#,V:\temp\swatermulder\SCHOOLDISTRICTS_CCUV_merged.shp,Members,-1,-1;NICKNAME "NICKNAME" true true false 50 Text 0 0 ,First,#,V:\temp\swatermulder\SCHOOLDISTRICTS_CCUV_merged.shp,Nickname,-1,-1;ORG8CODE "ORG8CODE" true true false 10 Text 0 0 ,First,#,V:\temp\swatermulder\SCHOOLDISTRICTS_CCUV_merged.shp,Org8Code,-1,-1;SCH8CODE "SCH8CODE" true true false 10 Text 0 0 ,First,#,V:\temp\swatermulder\SCHOOLDISTRICTS_CCUV_merged.shp,Sch8Code,-1,-1;SHAPE.AREA "SHAPE.AREA" false false true 0 Double 0 0 ,First,#;SHAPE.LEN "SHAPE.LEN" false false true 0 Double 0 0 ,First,#" #</Process><Process ToolSource="c:\program files (x86)\arcgis\desktop10.6\ArcToolbox\Toolboxes\Data Management Tools.tbx\AlterField" Date="20190222" Time="111637">AlterField "Database Connections\gisdata_vtp.sde\GISDATA.SCHOOLDISTRICTS_CCUV_POLY" NAME # # TEXT 255 NULLABLE false</Process><Process ToolSource="c:\program files (x86)\arcgis\desktop10.6\ArcToolbox\Toolboxes\Data Management Tools.tbx\Append" Date="20190222" Time="111731">Append V:\temp\swatermulder\SCHOOLDISTRICTS_CCUV_merged.shp "Database Connections\gisdata_vtp.sde\GISDATA.SCHOOLDISTRICTS_CCUV_POLY" NO_TEST "TYPE "TYPE" true true false 50 Text 0 0 ,First,#,V:\temp\swatermulder\SCHOOLDISTRICTS_CCUV_merged.shp,Type,-1,-1;ORG4CODE "ORG4CODE" true true false 2 Short 0 5 ,First,#,V:\temp\swatermulder\SCHOOLDISTRICTS_CCUV_merged.shp,Org4Code,-1,-1;NAME "NAME" true true false 255 Text 0 0 ,First,#,V:\temp\swatermulder\SCHOOLDISTRICTS_CCUV_merged.shp,Name,-1,-1;MEMBERS "MEMBERS" true true false 255 Text 0 0 ,First,#,V:\temp\swatermulder\SCHOOLDISTRICTS_CCUV_merged.shp,Members,-1,-1;NICKNAME "NICKNAME" true true false 50 Text 0 0 ,First,#,V:\temp\swatermulder\SCHOOLDISTRICTS_CCUV_merged.shp,Nickname,-1,-1;ORG8CODE "ORG8CODE" true true false 10 Text 0 0 ,First,#,V:\temp\swatermulder\SCHOOLDISTRICTS_CCUV_merged.shp,Org8Code,-1,-1;SCH8CODE "SCH8CODE" true true false 10 Text 0 0 ,First,#,V:\temp\swatermulder\SCHOOLDISTRICTS_CCUV_merged.shp,Sch8Code,-1,-1;SHAPE.AREA "SHAPE.AREA" false false true 0 Double 0 0 ,First,#;SHAPE.LEN "SHAPE.LEN" false false true 0 Double 0 0 ,First,#" #</Process><Process ToolSource="c:\program files (x86)\arcgis\desktop10.6\ArcToolbox\Toolboxes\Data Management Tools.tbx\AlterField" Date="20190222" Time="111935">AlterField "Database Connections\gisdata_vtp.sde\GISDATA.SCHOOLDISTRICTS_CCUV_POLY" ORG4CODE # # TEXT 4 NULLABLE false</Process><Process ToolSource="c:\program files (x86)\arcgis\desktop10.6\ArcToolbox\Toolboxes\Data Management Tools.tbx\Append" Date="20190222" Time="112143">Append V:\temp\swatermulder\SCHOOLDISTRICTS_CCUV_merged.shp "Database Connections\gisdata_vtp.sde\GISDATA.SCHOOLDISTRICTS_CCUV_POLY" NO_TEST "TYPE "TYPE" true true false 50 Text 0 0 ,First,#,V:\temp\swatermulder\SCHOOLDISTRICTS_CCUV_merged.shp,Type,-1,-1;NAME "NAME" true true false 255 Text 0 0 ,First,#,V:\temp\swatermulder\SCHOOLDISTRICTS_CCUV_merged.shp,Name,-1,-1;MEMBERS "MEMBERS" true true false 255 Text 0 0 ,First,#,V:\temp\swatermulder\SCHOOLDISTRICTS_CCUV_merged.shp,Members,-1,-1;NICKNAME "NICKNAME" true true false 50 Text 0 0 ,First,#,V:\temp\swatermulder\SCHOOLDISTRICTS_CCUV_merged.shp,Nickname,-1,-1;ORG8CODE "ORG8CODE" true true false 10 Text 0 0 ,First,#,V:\temp\swatermulder\SCHOOLDISTRICTS_CCUV_merged.shp,Org8Code,-1,-1;SCH8CODE "SCH8CODE" true true false 10 Text 0 0 ,First,#,V:\temp\swatermulder\SCHOOLDISTRICTS_CCUV_merged.shp,Sch8Code,-1,-1;ORG4CODE "ORG4CODE" true true false 4 Text 0 0 ,First,#,V:\temp\swatermulder\SCHOOLDISTRICTS_CCUV_merged.shp,Org4Code,-1,-1;SHAPE.AREA "SHAPE.AREA" false false true 0 Double 0 0 ,First,#;SHAPE.LEN "SHAPE.LEN" false false true 0 Double 0 0 ,First,#" #</Process><Process ToolSource="c:\program files (x86)\arcgis\desktop10.6\ArcToolbox\Toolboxes\Conversion Tools.tbx\FeatureClassToFeatureClass" Date="20190604" Time="135307">FeatureClassToFeatureClass "Database Connections\gisdata_vtp.sde\GISDATA.SCHOOLDISTRICTS_CCUV_POLY" V:\statewide_viewer_SHP\gisdata\men1\Political_Boundaries SCHOOLDISTRICTS_CCUV_POLY.shp # "TYPE "TYPE" true true false 50 Text 0 0 ,First,#,Database Connections\gisdata_vtp.sde\GISDATA.SCHOOLDISTRICTS_CCUV_POLY,TYPE,-1,-1;NAME "NAME" true true false 255 Text 0 0 ,First,#,Database Connections\gisdata_vtp.sde\GISDATA.SCHOOLDISTRICTS_CCUV_POLY,NAME,-1,-1;MEMBERS "MEMBERS" true true false 1000 Text 0 0 ,First,#,Database Connections\gisdata_vtp.sde\GISDATA.SCHOOLDISTRICTS_CCUV_POLY,MEMBERS,-1,-1;NICKNAME "NICKNAME" true true false 50 Text 0 0 ,First,#,Database Connections\gisdata_vtp.sde\GISDATA.SCHOOLDISTRICTS_CCUV_POLY,NICKNAME,-1,-1;ORG8CODE "ORG8CODE" true true false 10 Text 0 0 ,First,#,Database Connections\gisdata_vtp.sde\GISDATA.SCHOOLDISTRICTS_CCUV_POLY,ORG8CODE,-1,-1;SCH8CODE "SCH8CODE" true true false 10 Text 0 0 ,First,#,Database Connections\gisdata_vtp.sde\GISDATA.SCHOOLDISTRICTS_CCUV_POLY,SCH8CODE,-1,-1;ORG4CODE "ORG4CODE" true true false 4 Text 0 0 ,First,#,Database Connections\gisdata_vtp.sde\GISDATA.SCHOOLDISTRICTS_CCUV_POLY,ORG4CODE,-1,-1;SHAPE_AREA "SHAPE_AREA" false false true 0 Double 0 0 ,First,#,Database Connections\gisdata_vtp.sde\GISDATA.SCHOOLDISTRICTS_CCUV_POLY,SHAPE.AREA,-1,-1;SHAPE_LEN "SHAPE_LEN" false false true 0 Double 0 0 ,First,#,Database Connections\gisdata_vtp.sde\GISDATA.SCHOOLDISTRICTS_CCUV_POLY,SHAPE.LEN,-1,-1" #</Process></lineage></DataProperties><SyncDate>20190604</SyncDate><SyncTime>13530100</SyncTime><ModDate>20190604</ModDate><ModTime>13530100</ModTime><scaleRange><minScale>625000</minScale><maxScale>5000</maxScale></scaleRange><ArcGISProfile>FGDC</ArcGISProfile></Esri><dataIdInfo><envirDesc Sync="TRUE">Microsoft Windows 7 Version 6.1 (Build 7601) Service Pack 1; Esri ArcGIS 10.6.1.9270</envirDesc><dataLang><languageCode value="eng" Sync="TRUE"/><countryCode value="USA" Sync="TRUE"/></dataLang><idCitation xmlns=""><resTitle Sync="FALSE">SCHOOLDISTRICTS_CCUV_POLY</resTitle><presForm xmlns=""><PresFormCd value="005" Sync="TRUE"/></presForm><date><pubDate>2019-01-18T00:00:00</pubDate></date><citRespParty xmlns=""><editorSource>external</editorSource><editorDigest>5f5d7974f6d25e4da1aedf7520da7110</editorDigest><rpIndName>Sula</rpIndName><rpOrgName>MassGIS</rpOrgName><rpCntInfo xmlns=""><cntAddress addressType="both"><delPoint>1 Ashburton Place</delPoint><city>Boston</city><adminArea>MA</adminArea><postCode>02108</postCode><eMailAdd>sula.watermulder@mass.gov</eMailAdd></cntAddress><cntPhone><voiceNum tddtty="">617-619-5642</voiceNum></cntPhone></rpCntInfo><displayName>Sula</displayName><rpPosName>GIS Technician</rpPosName><editorSave>True</editorSave><displayName>Sula</displayName><role><RoleCd value="006"/></role></citRespParty></idCitation><spatRpType><SpatRepTypCd value="001" Sync="TRUE"/></spatRpType><dataExt xmlns=""><geoEle xmlns=""><GeoBndBox esriExtentType="search"><exTypeCode Sync="TRUE">1</exTypeCode><westBL Sync="TRUE">-73.426713</westBL><eastBL Sync="TRUE">-69.898590</eastBL><northBL Sync="TRUE">42.888312</northBL><southBL Sync="TRUE">41.232944</southBL></GeoBndBox></geoEle><exDesc>Decmber 2018 - January 2019</exDesc><tempEle><TempExtent><exTemp><TM_Period xmlns=""><tmBegin>2018-12-11T00:00:00</tmBegin><tmEnd>2019-01-18T00:00:00</tmEnd></TM_Period></exTemp></TempExtent></tempEle></dataExt><idPurp>This polygon data layer depicts the boundaries of Charter, Collaborative, Superintendency Union, and Vocational school districts in the Commonwealth of Massachusetts. A school district is an administrative unit responsible for managing primary and secondary school services within a defined geographical boundary defined by one city or town or by multiple municipalities. District information as of December 2018, was obtained from the Massachusetts Department of Elementary and Secondary Education (ESE). This feature class is named SCHOOLDISTRICTS_CCUV_POLY. </idPurp><idCredit>MassGIS, Massachusetts Department of Elementary and Secondary Education</idCredit><searchKeys><keyword>Commonwealth of Massachusetts</keyword></searchKeys><idAbs>&lt;DIV STYLE="text-align:Left;"&gt;&lt;DIV&gt;&lt;DIV&gt;&lt;P&gt;&lt;SPAN&gt;This layer contains boundaries for the following types of school districts:&lt;/SPAN&gt;&lt;/P&gt;&lt;UL&gt;&lt;LI&gt;&lt;P&gt;&lt;SPAN&gt;Charter Schools&lt;/SPAN&gt;&lt;/P&gt;&lt;/LI&gt;&lt;LI&gt;&lt;P&gt;&lt;SPAN&gt;Collaboratives&lt;/SPAN&gt;&lt;/P&gt;&lt;/LI&gt;&lt;LI&gt;&lt;P&gt;&lt;SPAN&gt;Superintendency Unions&lt;/SPAN&gt;&lt;/P&gt;&lt;/LI&gt;&lt;LI&gt;&lt;P&gt;&lt;SPAN&gt;Vocational&lt;/SPAN&gt;&lt;/P&gt;&lt;/LI&gt;&lt;/UL&gt;&lt;/DIV&gt;&lt;/DIV&gt;&lt;/DIV&gt;</idAbs><dataChar><CharSetCd value="004"/></dataChar><idStatus><ProgCd value="004"/></idStatus><resMaint xmlns=""><maintFreq><MaintFreqCd value="009"/></maintFreq></resMaint><idPoC xmlns=""><editorSource>external</editorSource><editorDigest>5f5d7974f6d25e4da1aedf7520da7110</editorDigest><rpIndName>Sula</rpIndName><rpOrgName>MassGIS</rpOrgName><rpCntInfo xmlns=""><cntAddress addressType="both"><delPoint>1 Ashburton Place</delPoint><city>Boston</city><adminArea>MA</adminArea><postCode>02108</postCode><eMailAdd>sula.watermulder@mass.gov</eMailAdd></cntAddress><cntPhone><voiceNum tddtty="">617-619-5642</voiceNum></cntPhone></rpCntInfo><displayName>Sula</displayName><rpPosName>GIS Technician</rpPosName><editorSave>True</editorSave><displayName>Sula</displayName><role><RoleCd value="009"/></role></idPoC></dataIdInfo><mdLang><languageCode value="eng" Sync="TRUE"/><countryCode value="USA" Sync="TRUE"/></mdLang><mdChar><CharSetCd value="004" Sync="TRUE"/></mdChar><distInfo><distFormat><formatName Sync="TRUE">Shapefile</formatName></distFormat><distTranOps><transSize Sync="TRUE">0.000</transSize></distTranOps></distInfo><mdHrLv><ScopeCd value="005" Sync="TRUE"/></mdHrLv><mdHrLvName Sync="TRUE">dataset</mdHrLvName><refSysInfo><RefSystem><refSysID><identCode code="26986" Sync="TRUE"/><idCodeSpace Sync="TRUE">EPSG</idCodeSpace><idVersion Sync="TRUE">2.1(3.0.1)</idVersion></refSysID></RefSystem></refSysInfo><spatRepInfo><VectSpatRep><geometObjs Name="SCHOOLDISTRICTS_CCUV_POLY"><geoObjTyp><GeoObjTypCd value="002" Sync="TRUE"></GeoObjTypCd></geoObjTyp><geoObjCnt Sync="TRUE">0</geoObjCnt></geometObjs><topLvl><TopoLevCd value="001" Sync="TRUE"></TopoLevCd></topLvl></VectSpatRep></spatRepInfo><spdoinfo><ptvctinf><esriterm Name="SCHOOLDISTRICTS_CCUV_POLY"><efeatyp Sync="TRUE">Simple</efeatyp><efeageom code="4" Sync="TRUE"></efeageom><esritopo Sync="TRUE">FALSE</esritopo><efeacnt Sync="TRUE">0</efeacnt><spindex Sync="TRUE">FALSE</spindex><linrefer Sync="TRUE">FALSE</linrefer></esriterm></ptvctinf></spdoinfo><eainfo><detailed Name="SCHOOLDISTRICTS_CCUV_POLY" xmlns=""><enttyp><enttypl Sync="FALSE">SCHOOLDISTRICTS_CCUV_POLY</enttypl><enttypt Sync="TRUE">Feature Class</enttypt><enttypc Sync="TRUE">0</enttypc><enttypd>Charter, Collaborative, Superintendency Union, Vocational School Districts</enttypd><enttypds>MA DESE</enttypds></enttyp><attr><attrlabl Sync="TRUE">FID</attrlabl><attalias Sync="TRUE">FID</attalias><attrtype Sync="TRUE">OID</attrtype><attwidth Sync="TRUE">4</attwidth><atprecis Sync="TRUE">0</atprecis><attscale Sync="TRUE">0</attscale><attrdef Sync="TRUE">Internal feature number.</attrdef><attrdefs Sync="TRUE">Esri</attrdefs><attrdomv><udom Sync="TRUE">Sequential unique whole numbers that are automatically generated.</udom></attrdomv></attr><attr xmlns=""><attrlabl Sync="TRUE">Shape</attrlabl><attalias Sync="TRUE">Shape</attalias><attrtype Sync="TRUE">Geometry</attrtype><attwidth Sync="TRUE">0</attwidth><atprecis Sync="TRUE">0</atprecis><attscale Sync="TRUE">0</attscale><attrdef Sync="TRUE">Feature geometry.</attrdef><attrdefs Sync="TRUE">Esri</attrdefs><attrdomv><udom Sync="TRUE">Coordinates defining the features.</udom></attrdomv></attr><attr xmlns=""><attrlabl Sync="TRUE">Type</attrlabl><attalias Sync="TRUE">TYPE</attalias><attrtype Sync="TRUE">String</attrtype><attwidth Sync="TRUE">50</attwidth><atprecis Sync="TRUE">0</atprecis><attscale Sync="TRUE">0</attscale><attrdef>Typy of School District</attrdef><attrdefs>MA DESE</attrdefs></attr><attr xmlns=""><attrlabl Sync="TRUE">Org4code</attrlabl><attalias Sync="TRUE">ORG4CODE</attalias><attrtype Sync="TRUE">String</attrtype><attwidth Sync="TRUE">4</attwidth><atprecis Sync="TRUE">0</atprecis><attscale Sync="TRUE">0</attscale><attrdef>4 digit code</attrdef><attrdefs>MA DESE</attrdefs></attr><attr xmlns=""><attrlabl Sync="TRUE">Name</attrlabl><attalias Sync="TRUE">NAME</attalias><attrtype Sync="TRUE">String</attrtype><attwidth Sync="TRUE">254</attwidth><atprecis Sync="TRUE">0</atprecis><attscale Sync="TRUE">0</attscale><attrdef>Name of School District</attrdef><attrdefs>MA DESE</attrdefs></attr><attr xmlns=""><attrlabl Sync="TRUE">Members</attrlabl><attalias Sync="TRUE">MEMBERS</attalias><attrtype Sync="TRUE">String</attrtype><attwidth Sync="TRUE">254</attwidth><atprecis Sync="TRUE">0</atprecis><attscale Sync="TRUE">0</attscale><attrdef>Member towns or regional districts</attrdef><attrdefs>MA DESE</attrdefs></attr><attr xmlns=""><attrlabl Sync="TRUE">Nickname</attrlabl><attalias Sync="TRUE">NICKNAME</attalias><attrtype Sync="TRUE">String</attrtype><attwidth Sync="TRUE">50</attwidth><atprecis Sync="TRUE">0</atprecis><attscale Sync="TRUE">0</attscale><attrdef>DESE Nickname for the district</attrdef><attrdefs>MA DESE</attrdefs></attr><attr xmlns=""><attrlabl Sync="TRUE">Org8Code</attrlabl><attalias Sync="TRUE">ORG8CODE</attalias><attrtype Sync="TRUE">String</attrtype><attwidth Sync="TRUE">10</attwidth><atprecis Sync="TRUE">0</atprecis><attscale Sync="TRUE">0</attscale><attrdef>8 digit code</attrdef><attrdefs>MA DESE</attrdefs></attr><attr xmlns=""><attrlabl Sync="TRUE">Sch8code</attrlabl><attalias Sync="TRUE">SCH8CODE</attalias><attrtype Sync="TRUE">String</attrtype><attwidth Sync="TRUE">10</attwidth><atprecis Sync="TRUE">0</atprecis><attscale Sync="TRUE">0</attscale><attrdef>8 digit school code for charter districts</attrdef><attrdefs>MA DESE</attrdefs></attr><attr><attrlabl Sync="TRUE">SHAPE_AREA</attrlabl><attalias Sync="TRUE">SHAPE_AREA</attalias><attrtype Sync="TRUE">Double</attrtype><attwidth Sync="TRUE">19</attwidth><atprecis Sync="TRUE">0</atprecis><attscale Sync="TRUE">0</attscale><attrdef Sync="TRUE">Area of feature in internal units squared.</attrdef><attrdefs Sync="TRUE">Esri</attrdefs><attrdomv><udom Sync="TRUE">Positive real numbers that are automatically generated.</udom></attrdomv></attr><attr><attrlabl Sync="TRUE">SHAPE_LEN</attrlabl><attalias Sync="TRUE">SHAPE_LEN</attalias><attrtype Sync="TRUE">Double</attrtype><attwidth Sync="TRUE">19</attwidth><atprecis Sync="TRUE">0</atprecis><attscale Sync="TRUE">0</attscale></attr></detailed></eainfo><mdDateSt Sync="TRUE">20190604</mdDateSt><mdContact xmlns=""><editorSource>external</editorSource><editorDigest>5f5d7974f6d25e4da1aedf7520da7110</editorDigest><rpIndName>Sula</rpIndName><rpOrgName>MassGIS</rpOrgName><rpCntInfo xmlns=""><cntAddress addressType="both"><delPoint>1 Ashburton Place</delPoint><city>Boston</city><adminArea>MA</adminArea><postCode>02108</postCode><eMailAdd>sula.watermulder@mass.gov</eMailAdd></cntAddress><cntPhone><voiceNum tddtty="">617-619-5642</voiceNum></cntPhone></rpCntInfo><displayName>Sula</displayName><rpPosName>GIS Technician</rpPosName><editorSave>True</editorSave><displayName>Sula</displayName><role><RoleCd value="009"/></role></mdContact></metadata>
