<metadata xml:lang="en"><Esri><CreaDate>20190208</CreaDate><CreaTime>11102500</CreaTime><ArcGISFormat>1.0</ArcGISFormat><SyncOnce>FALSE</SyncOnce><DataProperties><lineage><Process ToolSource="c:\program files (x86)\arcgis\desktop10.6\ArcToolbox\Toolboxes\Data Management Tools.tbx\CalculateField" Date="20190208" Time="111025">CalculateField GISDATA.SCHOOLDISTRICTS_POLY_VWP STATE_DISTRICT_ID [ORG8CODE] VB #</Process><Process ToolSource="c:\program files (x86)\arcgis\desktop10.6\ArcToolbox\Toolboxes\Data Management Tools.tbx\CalculateField" Date="20190208" Time="154157">CalculateField GISDATA.SCHOOLDISTRICTS_POLY_VWP SUPERINTENDENCY_UNION NULL VB #</Process><Process ToolSource="c:\program files (x86)\arcgis\desktop10.6\ArcToolbox\Toolboxes\Data Management Tools.tbx\CalculateField" Date="20190214" Time="130601">CalculateField GISDATA.SCHOOLDISTRICTS_POLY_VWP TUITION_GRADES NULL VB #</Process><Process ToolSource="c:\program files (x86)\arcgis\desktop10.6\ArcToolbox\Toolboxes\Data Management Tools.tbx\CalculateField" Date="20190214" Time="130607">CalculateField GISDATA.SCHOOLDISTRICTS_POLY_VWP TUITION_TO NULL VB #</Process><Process ToolSource="c:\program files (x86)\arcgis\desktop10.6\ArcToolbox\Toolboxes\Data Management Tools.tbx\CalculateField" Date="20190214" Time="130642">CalculateField GISDATA.SCHOOLDISTRICTS_POLY_VWP SUPERINTENDENCY_UNION NULL VB #</Process><Process ToolSource="c:\program files (x86)\arcgis\desktop10.6\ArcToolbox\Toolboxes\Data Management Tools.tbx\CalculateField" Date="20190215" Time="104118">CalculateField GISDATA.SCHOOLDISTRICTS_POLYvwp SUPERINTENDENCY_UNION NULL VB #</Process><Process ToolSource="c:\program files (x86)\arcgis\desktop10.6\ArcToolbox\Toolboxes\Conversion Tools.tbx\FeatureClassToFeatureClass" Date="20190604" Time="151252">FeatureClassToFeatureClass "Database Connections\gisdata_vwp.sde\GISDATA.SCHOOLDISTRICTS_POLY" V:\statewide_viewer_SHP\gisdata\men1\Political_Boundaries SCHOOLDISTRICTS_POLY.shp # "ORG4CODE "ORG4CODE" true true false 4 Text 0 0 ,First,#,Database Connections\gisdata_vwp.sde\GISDATA.SCHOOLDISTRICTS_POLY,ORG4CODE,-1,-1;ORG8CODE "ORG8CODE" true true false 8 Text 0 0 ,First,#,Database Connections\gisdata_vwp.sde\GISDATA.SCHOOLDISTRICTS_POLY,ORG8CODE,-1,-1;DISTRICT_N "DISTRICT_N" true true false 255 Text 0 0 ,First,#,Database Connections\gisdata_vwp.sde\GISDATA.SCHOOLDISTRICTS_POLY,DISTRICT_NAME,-1,-1;DISTRICT_T "DISTRICT_T" true true false 15 Text 0 0 ,First,#,Database Connections\gisdata_vwp.sde\GISDATA.SCHOOLDISTRICTS_POLY,DISTRICT_TYPE,-1,-1;MEMBERLIST "MEMBERLIST" true true false 255 Text 0 0 ,First,#,Database Connections\gisdata_vwp.sde\GISDATA.SCHOOLDISTRICTS_POLY,MEMBERLIST,-1,-1;TUITION "TUITION" true true false 3 Text 0 0 ,First,#,Database Connections\gisdata_vwp.sde\GISDATA.SCHOOLDISTRICTS_POLY,TUITION,-1,-1;TUITION_GR "TUITION_GR" true true false 50 Text 0 0 ,First,#,Database Connections\gisdata_vwp.sde\GISDATA.SCHOOLDISTRICTS_POLY,TUITION_GRADES,-1,-1;TUITION_TO "TUITION_TO" true true false 255 Text 0 0 ,First,#,Database Connections\gisdata_vwp.sde\GISDATA.SCHOOLDISTRICTS_POLY,TUITION_TO,-1,-1;SUPERINTEN "SUPERINTEN" true true false 20 Text 0 0 ,First,#,Database Connections\gisdata_vwp.sde\GISDATA.SCHOOLDISTRICTS_POLY,SUPERINTENDENCY_UNION,-1,-1;START_GRAD "START_GRAD" true true false 190 Text 0 0 ,First,#,Database Connections\gisdata_vwp.sde\GISDATA.SCHOOLDISTRICTS_POLY,START_GRADE,-1,-1;END_GRADE "END_GRADE" true true false 10 Text 0 0 ,First,#,Database Connections\gisdata_vwp.sde\GISDATA.SCHOOLDISTRICTS_POLY,END_GRADE,-1,-1;SHAPE_AREA "SHAPE_AREA" false false true 0 Double 0 0 ,First,#,Database Connections\gisdata_vwp.sde\GISDATA.SCHOOLDISTRICTS_POLY,SHAPE.AREA,-1,-1;SHAPE_LEN "SHAPE_LEN" false false true 0 Double 0 0 ,First,#,Database Connections\gisdata_vwp.sde\GISDATA.SCHOOLDISTRICTS_POLY,SHAPE.LEN,-1,-1" #</Process></lineage><itemProps><itemName Sync="TRUE">SCHOOLDISTRICTS_POLY</itemName><imsContentType Sync="TRUE">002</imsContentType><itemSize Sync="TRUE">0.000</itemSize><itemLocation><linkage Sync="TRUE">file://\\ITD-FP-008\Shared\MassGIS\statewide_viewer_SHP\gisdata\men1\Political_Boundaries\SCHOOLDISTRICTS_POLY.shp</linkage><protocol Sync="TRUE">Local Area Network</protocol></itemLocation></itemProps><coordRef><type Sync="TRUE">Projected</type><geogcsn Sync="TRUE">GCS_North_American_1983</geogcsn><csUnits Sync="TRUE">Linear Unit: Meter (1.000000)</csUnits><projcsn Sync="TRUE">NAD_1983_StatePlane_Massachusetts_Mainland_FIPS_2001</projcsn><peXml Sync="TRUE">&lt;ProjectedCoordinateSystem xsi:type='typens:ProjectedCoordinateSystem' xmlns:xsi='http://www.w3.org/2001/XMLSchema-instance' xmlns:xs='http://www.w3.org/2001/XMLSchema' xmlns:typens='http://www.esri.com/schemas/ArcGIS/10.6'&gt;&lt;WKT&gt;PROJCS[&amp;quot;NAD_1983_StatePlane_Massachusetts_Mainland_FIPS_2001&amp;quot;,GEOGCS[&amp;quot;GCS_North_American_1983&amp;quot;,DATUM[&amp;quot;D_North_American_1983&amp;quot;,SPHEROID[&amp;quot;GRS_1980&amp;quot;,6378137.0,298.257222101]],PRIMEM[&amp;quot;Greenwich&amp;quot;,0.0],UNIT[&amp;quot;Degree&amp;quot;,0.0174532925199433]],PROJECTION[&amp;quot;Lambert_Conformal_Conic&amp;quot;],PARAMETER[&amp;quot;False_Easting&amp;quot;,200000.0],PARAMETER[&amp;quot;False_Northing&amp;quot;,750000.0],PARAMETER[&amp;quot;Central_Meridian&amp;quot;,-71.5],PARAMETER[&amp;quot;Standard_Parallel_1&amp;quot;,41.71666666666667],PARAMETER[&amp;quot;Standard_Parallel_2&amp;quot;,42.68333333333333],PARAMETER[&amp;quot;Latitude_Of_Origin&amp;quot;,41.0],UNIT[&amp;quot;Meter&amp;quot;,1.0],AUTHORITY[&amp;quot;EPSG&amp;quot;,26986]]&lt;/WKT&gt;&lt;XOrigin&gt;-36530900&lt;/XOrigin&gt;&lt;YOrigin&gt;-28803200&lt;/YOrigin&gt;&lt;XYScale&gt;122610652.81195112&lt;/XYScale&gt;&lt;ZOrigin&gt;-100000&lt;/ZOrigin&gt;&lt;ZScale&gt;10000&lt;/ZScale&gt;&lt;MOrigin&gt;-100000&lt;/MOrigin&gt;&lt;MScale&gt;10000&lt;/MScale&gt;&lt;XYTolerance&gt;0.001&lt;/XYTolerance&gt;&lt;ZTolerance&gt;0.001&lt;/ZTolerance&gt;&lt;MTolerance&gt;0.001&lt;/MTolerance&gt;&lt;HighPrecision&gt;true&lt;/HighPrecision&gt;&lt;WKID&gt;26986&lt;/WKID&gt;&lt;LatestWKID&gt;26986&lt;/LatestWKID&gt;&lt;/ProjectedCoordinateSystem&gt;</peXml></coordRef></DataProperties><SyncDate>20190604</SyncDate><SyncTime>15124600</SyncTime><ModDate>20190604</ModDate><ModTime>15124600</ModTime></Esri><dataIdInfo><envirDesc Sync="TRUE">Microsoft Windows 7 Version 6.1 (Build 7601) Service Pack 1; Esri ArcGIS 10.6.1.9270</envirDesc><dataLang><languageCode value="eng" Sync="TRUE"></languageCode><countryCode value="USA" Sync="TRUE"></countryCode></dataLang><idCitation><resTitle Sync="TRUE">SCHOOLDISTRICTS_POLY</resTitle><presForm><PresFormCd value="005" Sync="TRUE"></PresFormCd></presForm></idCitation><spatRpType><SpatRepTypCd value="001" Sync="TRUE"></SpatRepTypCd></spatRpType></dataIdInfo><mdLang><languageCode value="eng" Sync="TRUE"></languageCode><countryCode value="USA" Sync="TRUE"></countryCode></mdLang><distInfo><distFormat><formatName Sync="TRUE">Shapefile</formatName></distFormat><distTranOps><transSize Sync="TRUE">0.000</transSize></distTranOps></distInfo><mdHrLv><ScopeCd value="005" Sync="TRUE"></ScopeCd></mdHrLv><mdHrLvName Sync="TRUE">dataset</mdHrLvName><refSysInfo><RefSystem><refSysID><identCode code="26986" Sync="TRUE"></identCode><idCodeSpace Sync="TRUE">EPSG</idCodeSpace><idVersion Sync="TRUE">2.1(3.0.1)</idVersion></refSysID></RefSystem></refSysInfo><spatRepInfo><VectSpatRep><geometObjs Name="SCHOOLDISTRICTS_POLY"><geoObjTyp><GeoObjTypCd value="002" Sync="TRUE"></GeoObjTypCd></geoObjTyp><geoObjCnt Sync="TRUE">0</geoObjCnt></geometObjs><topLvl><TopoLevCd value="001" Sync="TRUE"></TopoLevCd></topLvl></VectSpatRep></spatRepInfo><spdoinfo><ptvctinf><esriterm Name="SCHOOLDISTRICTS_POLY"><efeatyp Sync="TRUE">Simple</efeatyp><efeageom code="4" Sync="TRUE"></efeageom><esritopo Sync="TRUE">FALSE</esritopo><efeacnt Sync="TRUE">0</efeacnt><spindex Sync="TRUE">FALSE</spindex><linrefer Sync="TRUE">FALSE</linrefer></esriterm></ptvctinf></spdoinfo><eainfo><detailed Name="SCHOOLDISTRICTS_POLY"><enttyp><enttypl Sync="TRUE">SCHOOLDISTRICTS_POLY</enttypl><enttypt Sync="TRUE">Feature Class</enttypt><enttypc Sync="TRUE">0</enttypc></enttyp><attr><attrlabl Sync="TRUE">FID</attrlabl><attalias Sync="TRUE">FID</attalias><attrtype Sync="TRUE">OID</attrtype><attwidth Sync="TRUE">4</attwidth><atprecis Sync="TRUE">0</atprecis><attscale Sync="TRUE">0</attscale><attrdef Sync="TRUE">Internal feature number.</attrdef><attrdefs Sync="TRUE">Esri</attrdefs><attrdomv><udom Sync="TRUE">Sequential unique whole numbers that are automatically generated.</udom></attrdomv></attr><attr><attrlabl Sync="TRUE">Shape</attrlabl><attalias Sync="TRUE">Shape</attalias><attrtype Sync="TRUE">Geometry</attrtype><attwidth Sync="TRUE">0</attwidth><atprecis Sync="TRUE">0</atprecis><attscale Sync="TRUE">0</attscale><attrdef Sync="TRUE">Feature geometry.</attrdef><attrdefs Sync="TRUE">Esri</attrdefs><attrdomv><udom Sync="TRUE">Coordinates defining the features.</udom></attrdomv></attr><attr><attrlabl Sync="TRUE">ORG4CODE</attrlabl><attalias Sync="TRUE">ORG4CODE</attalias><attrtype Sync="TRUE">String</attrtype><attwidth Sync="TRUE">4</attwidth><atprecis Sync="TRUE">0</atprecis><attscale Sync="TRUE">0</attscale></attr><attr><attrlabl Sync="TRUE">ORG8CODE</attrlabl><attalias Sync="TRUE">ORG8CODE</attalias><attrtype Sync="TRUE">String</attrtype><attwidth Sync="TRUE">8</attwidth><atprecis Sync="TRUE">0</atprecis><attscale Sync="TRUE">0</attscale></attr><attr><attrlabl Sync="TRUE">DISTRICT_N</attrlabl><attalias Sync="TRUE">DISTRICT_N</attalias><attrtype Sync="TRUE">String</attrtype><attwidth Sync="TRUE">254</attwidth><atprecis Sync="TRUE">0</atprecis><attscale Sync="TRUE">0</attscale></attr><attr><attrlabl Sync="TRUE">DISTRICT_T</attrlabl><attalias Sync="TRUE">DISTRICT_T</attalias><attrtype Sync="TRUE">String</attrtype><attwidth Sync="TRUE">15</attwidth><atprecis Sync="TRUE">0</atprecis><attscale Sync="TRUE">0</attscale></attr><attr><attrlabl Sync="TRUE">MEMBERLIST</attrlabl><attalias Sync="TRUE">MEMBERLIST</attalias><attrtype Sync="TRUE">String</attrtype><attwidth Sync="TRUE">254</attwidth><atprecis Sync="TRUE">0</atprecis><attscale Sync="TRUE">0</attscale></attr><attr><attrlabl Sync="TRUE">TUITION</attrlabl><attalias Sync="TRUE">TUITION</attalias><attrtype Sync="TRUE">String</attrtype><attwidth Sync="TRUE">3</attwidth><atprecis Sync="TRUE">0</atprecis><attscale Sync="TRUE">0</attscale></attr><attr><attrlabl Sync="TRUE">TUITION_GR</attrlabl><attalias Sync="TRUE">TUITION_GR</attalias><attrtype Sync="TRUE">String</attrtype><attwidth Sync="TRUE">50</attwidth><atprecis Sync="TRUE">0</atprecis><attscale Sync="TRUE">0</attscale></attr><attr><attrlabl Sync="TRUE">TUITION_TO</attrlabl><attalias Sync="TRUE">TUITION_TO</attalias><attrtype Sync="TRUE">String</attrtype><attwidth Sync="TRUE">254</attwidth><atprecis Sync="TRUE">0</atprecis><attscale Sync="TRUE">0</attscale></attr><attr><attrlabl Sync="TRUE">SUPERINTEN</attrlabl><attalias Sync="TRUE">SUPERINTEN</attalias><attrtype Sync="TRUE">String</attrtype><attwidth Sync="TRUE">20</attwidth><atprecis Sync="TRUE">0</atprecis><attscale Sync="TRUE">0</attscale></attr><attr><attrlabl Sync="TRUE">START_GRAD</attrlabl><attalias Sync="TRUE">START_GRAD</attalias><attrtype Sync="TRUE">String</attrtype><attwidth Sync="TRUE">190</attwidth><atprecis Sync="TRUE">0</atprecis><attscale Sync="TRUE">0</attscale></attr><attr><attrlabl Sync="TRUE">END_GRADE</attrlabl><attalias Sync="TRUE">END_GRADE</attalias><attrtype Sync="TRUE">String</attrtype><attwidth Sync="TRUE">10</attwidth><atprecis Sync="TRUE">0</atprecis><attscale Sync="TRUE">0</attscale></attr><attr><attrlabl Sync="TRUE">SHAPE_AREA</attrlabl><attalias Sync="TRUE">SHAPE_AREA</attalias><attrtype Sync="TRUE">Double</attrtype><attwidth Sync="TRUE">19</attwidth><atprecis Sync="TRUE">0</atprecis><attscale Sync="TRUE">0</attscale><attrdef Sync="TRUE">Area of feature in internal units squared.</attrdef><attrdefs Sync="TRUE">Esri</attrdefs><attrdomv><udom Sync="TRUE">Positive real numbers that are automatically generated.</udom></attrdomv></attr><attr><attrlabl Sync="TRUE">SHAPE_LEN</attrlabl><attalias Sync="TRUE">SHAPE_LEN</attalias><attrtype Sync="TRUE">Double</attrtype><attwidth Sync="TRUE">19</attwidth><atprecis Sync="TRUE">0</atprecis><attscale Sync="TRUE">0</attscale></attr></detailed></eainfo><mdDateSt Sync="TRUE">20190604</mdDateSt></metadata>
